,Age,Income,Frequency
0,49.73529411764706,46587.83631462171,2.098039215686274
1,39.824175824175825,48176.02243537827,5.142857142857144
2,29.663551401869164,53835.29225396947,1.9906542056074765
